Discipline,Keyword
Computer Science,algorithm
Computer Science,software
Computer Science,data
Computer Science,machine
Computer Science,network
Computer Science,learning
Computer Science,computing
Computer Science,AI
Computer Science,interface
Computer Science,hardware
Computer Science,cloud
Computer Science,cybersecurity
Computer Science,deep
Computer Science,programming
Computer Science,model
Biology,cell
Biology,DNA
Biology,protein
Biology,genome
Biology,mutation
Biology,species
Biology,photosynthesis
Biology,evolution
Biology,enzyme
Biology,organism
Biology,ecosystem
Biology,biodiversity
Biology,microorganism
Biology,chromosome
Biology,metabolism
Economics,market
Economics,capital
Economics,policy
Economics,demand
Economics,supply
Economics,finance
Economics,investment
Economics,growth
Economics,tax
Economics,inflation
Economics,trade
Economics,interest
Economics,revenue
Economics,price
Economics,debt
Psychology,emotion
Psychology,behavior
Psychology,memory
Psychology,perception
Psychology,cognition
Psychology,motivation
Psychology,stress
Psychology,attention
Psychology,self
Psychology,identity
Psychology,therapy
Psychology,personality
Psychology,anxiety
Psychology,disorder
Psychology,consciousness
Health Sciences,medicine
Health Sciences,disease
Health Sciences,diagnosis
Health Sciences,epidemiology
Health Sciences,therapy
Health Sciences,mental
Health Sciences,hospital
Health Sciences,surgery
Health Sciences,patient
Health Sciences,nursing
Health Sciences,virus
Health Sciences,clinical
Health Sciences,vaccine
Health Sciences,public
Health Sciences,treatment
Education,student
Education,teacher
Education,assessment
Education,learning
Education,classroom
Education,syllabus
Education,curriculum
Education,evaluation
Education,instruction
Education,pedagogy
Education,grading
Education,school
Education,training
Education,lecture
Education,knowledge
Political Science,government
Political Science,diplomacy
Political Science,election
Political Science,law
Political Science,constitution
Political Science,security
Political Science,campaign
Political Science,voting
Political Science,policy
Political Science,representation
Political Science,justice
Political Science,conflict
Political Science,authority
Political Science,regulation
Political Science,ideology
Environmental Science,climate
Environmental Science,sustainability
Environmental Science,pollution
Environmental Science,conservation
Environmental Science,recycling
Environmental Science,biodiversity
Environmental Science,ozone
Environmental Science,carbon
Environmental Science,ecosystem
Environmental Science,energy
Environmental Science,habitat
Environmental Science,temperature
Environmental Science,greenhouse
Environmental Science,fossil
Environmental Science,deforestation
Mathematics,algebra
Mathematics,geometry
Mathematics,calculus
Mathematics,statistics
Mathematics,probability
Mathematics,equation
Mathematics,function
Mathematics,derivative
Mathematics,integral
Mathematics,number
Mathematics,graph
Mathematics,theorem
Mathematics,proof
Mathematics,trigonometry
Mathematics,variable
Sociology,society
Sociology,culture
Sociology,gender
Sociology,race
Sociology,class
Sociology,identity
Sociology,norms
Sociology,group
Sociology,tradition
Sociology,belief
Sociology,inequality
Sociology,religion
Sociology,conflict
Sociology,marriage
Sociology,justice
Law,legislation
Law,court
Law,contract
Law,civil
Law,criminal
Law,property
Law,right
Law,precedent
Law,evidence
Law,enforcement
Law,regulation
Law,litigation
Law,constitution
Law,dispute
Law,justice
Engineering,design
Engineering,mechanics
Engineering,circuit
Engineering,robotics
Engineering,fluid
Engineering,structure
Engineering,thermodynamics
Engineering,signal
Engineering,electrical
Engineering,mechanical
Engineering,automation
Engineering,materials
Engineering,manufacturing
Engineering,control
Engineering,aerodynamics
History,empire
History,revolution
History,war
History,colonialism
History,medieval
History,industrial
History,ancient
History,migration
History,tradition
History,religion
History,nation
History,archive
History,chronology
History,dynasty
History,conflict
Philosophy,ethics
Philosophy,logic
Philosophy,morality
Philosophy,existence
Philosophy,aesthetics
Philosophy,freedom
Philosophy,ontology
Philosophy,reason
Philosophy,belief
Philosophy,truth
Philosophy,justice
Philosophy,metaphysics
Philosophy,epistemology
Philosophy,consciousness
Philosophy,virtue
Agriculture,farming
Agriculture,crop
Agriculture,soil
Agriculture,irrigation
Agriculture,harvest
Agriculture,pesticide
Agriculture,livestock
Agriculture,yield
Agriculture,horticulture
Agriculture,plant
Agriculture,grain
Agriculture,drought
Agriculture,fertilizer
Agriculture,pollination
Agriculture,climate
Art,painting
Art,sculpture
Art,color
Art,style
Art,form
Art,medium
Art,expression
Art,composition
Art,texture
Art,impression
Art,technique
Art,visual
Art,installation
Art,abstract
Art,portrait
Business,management
Business,marketing
Business,entrepreneurship
Business,innovation
Business,profit
Business,customer
Business,sales
Business,brand
Business,analytics
Business,distribution
Business,organization
Business,strategy
Business,revenue
Business,risk
Business,investment
Language,grammar
Language,syntax
Language,vocabulary
Language,semantics
Language,phonetics
Language,linguistics
Language,dialect
Language,translation
Language,discourse
Language,writing
Language,communication
Language,pronunciation
Language,morphology
Language,text
Language,verbal
